Activity Type,Date,Favorite,Title,Distance,Calories,Time,Avg HR,Max HR,Aerobic TE,Avg Pace,Best Pace,Training Stress Score®,Total Strokes,Avg. Swolf,Avg Stroke Rate,Body Battery Drain,Min Temp,Decompression,Best Lap Time,Number of Laps,Max Temp,Moving Time,Elapsed Time
Open Water Swimming,2025-12-20 07:19:28,false,"Florianópolis Open Water Swimming","2,957","658","01:20:01","117","154","2.5","2:42","1:07","0.0","1467","53","18","-10","23.0","No","00:11:44","6","26.0","01:06:44","01:20:01"
Open Water Swimming,2025-12-18 08:25:05,false,"Florianópolis Open Water Swimming","1,630","527","00:40:01","143","168","3.3","2:27","1:07","0.0","879","50","22","-8","22.0","No","00:03:30.8","4","31.0","00:37:53","00:40:01"
Pool Swim,2025-12-15 13:09:28,false,"Pool Swim","2,500","687","00:45:54","143","161","3.4","1:47","1:26","0.0","978","36","22","--","--","No","00:45:54","1","--","00:44:32","00:46:03"
Open Water Swimming,2025-12-14 07:27:13,false,"Florianópolis Open Water Swimming","3,568","957","01:09:43","145","173","4.0","1:57","1:07","0.0","1625","41","23","-16","23.0","No","00:01:34.8","8","30.0","01:07:14","01:09:43"
Pool Swim,2025-12-12 13:08:10,false,"Pool Swim","3,025","823","00:52:21","146","167","3.7","1:44","1:30","0.0","1203","36","23","--","--","No","00:52:21","1","--","00:52:21","00:52:27"
Open Water Swimming,2025-12-11 08:24:41,false,"Florianópolis Open Water Swimming","1,991","559","00:42:01","140","155","3.3","2:07","1:07","0.0","985","44","23","-10","20.0","No","00:10:05","4","34.0","00:40:05","00:42:01"
Pool Swim,2025-12-10 13:03:13,false,"Pool Swim","3,000","612","00:52:41","123","150","2.4","1:44","1:13","0.0","1163","36","22","--","--","No","00:52:41","1","--","00:52:10","00:52:54"
Pool Swim,2025-12-08 12:59:21,false,"Pool Swim","3,075","834","00:55:58","154","180","4.7","1:45","1:30","0.0","1225","36","23","--","--","No","00:55:58","1","--","00:53:54","00:56:07"
Pool Swim,2025-12-05 12:59:51,false,"Pool Swim","3,150","858","00:55:02","149","177","4.8","1:44","1:04","0.0","1200","36","22","--","--","No","00:55:02","1","--","00:54:47","00:55:10"
Open Water Swimming,2025-12-04 08:29:03,false,"Florianópolis Open Water Swimming","1,978","578","00:45:01","139","157","--","2:17","1:07","0.0","894","45","20","-12","22.0","No","00:09:20.8","4","31.0","00:40:11","00:45:01"
Pool Swim,2025-12-03 13:09:46,false,"Pool Swim","2,700","752","00:45:40","158","177","5.0","1:39","1:04","0.0","973","34","22","--","--","No","00:45:40","1","--","00:44:41","00:45:49"
Pool Swim,2025-11-26 19:46:38,false,"Pool Swim","2,550","592","00:44:33","139","187","3.8","1:42","1:05","0.0","967","35","22","--","--","No","00:44:33","1","--","00:43:19","00:44:41"
Pool Swim,2025-11-24 19:47:25,false,"Pool Swim","2,100","632","00:42:34","160","199","4.8","1:48","1:01","0.0","797","36","21","--","--","No","00:42:34","1","--","00:37:49","00:42:41"
Open Water Swimming,2025-11-21 08:28:41,false,"Florianópolis Open Water Swimming","1,717","621","00:46:22","141","173","3.5","2:42","1:07","0.0","576","49","17","-12","20.0","No","00:05:41.8","4","30.0","00:42:23","00:46:22"
Open Water Swimming,2025-10-31 07:19:54,false,"Florianópolis Open Water Swimming","1,853","523","00:39:34","136","162","3.4","2:08","1:07","0.0","663","41","16","-10","19.0","No","00:07:06.0","4","27.0","00:35:03","00:39:34"
Open Water Swimming,2025-10-29 07:21:48,false,"Florianópolis Open Water Swimming","2,004","593","00:53:38","140","181","4.0","2:41","1:07","0.0","720","49","13","-14","19.0","No","00:00:03.4","5","22.0","00:42:54","00:53:38"
Pool Swim,2025-10-28 13:17:03,false,"Pool Swim","1,125","301","00:24:12","133","156","2.9","2:02","1:10","0.0","482","41","21","--","--","No","00:24:12","1","--","00:22:56","00:24:17"
Pool Swim,2025-10-27 13:11:40,false,"Pool Swim","1,325","284","00:25:01","128","155","3.0","1:51","1:15","0.0","560","38","23","--","--","No","00:25:01","1","--","00:24:31","00:25:06"
Open Water Swimming,2025-10-24 07:17:53,false,"Florianópolis Open Water Swimming","2,004","632","00:46:30","159","210","5.0","2:19","0:55","0.0","714","44","15","-20","18.0","No","00:00:04.4","5","22.0","00:40:41","00:46:30"
Pool Swim,2025-10-22 13:13:53,false,"Pool Swim","2,175","581","00:41:08","148","166","5.0","1:50","1:23","0.0","873","37","22","--","--","No","00:41:08","1","--","00:39:42","00:41:14"
Open Water Swimming,2025-10-22 07:18:08,false,"Florianópolis Open Water Swimming","1,208","300","00:38:32","112","160","3.0","3:11","0:59","0.0","347","55","10","-7","20.0","No","00:05:29.9","3","26.0","00:26:58","00:38:32"
Pool Swim,2025-10-21 13:16:14,false,"Pool Swim","2,175","605","00:40:01","156","169","5.0","1:49","1:11","0.0","893","37","23","--","--","No","00:40:01","1","--","00:39:25","00:40:08"
Open Water Swimming,2025-09-21 08:06:00,false,"Rio de Janeiro Open Water Swimming","8,841","2,517","03:05:20","183","213","5.0","2:06","0:55","0.0","4464","44","24","-36","21.0","No","00:07:27.1","18","35.0","02:59:41","03:05:20"
Pool Swim,2025-09-17 19:47:46,false,"Pool Swim","2,200","521","00:42:58","136","197","3.0","1:45","1:26","0.0","935","37","24","--","--","No","00:42:58","1","--","00:38:22","00:43:04"
Pool Swim,2025-09-16 19:48:19,false,"Pool Swim","1,475","441","00:37:25","142","199","3.4","1:57","1:30","0.0","647","40","23","--","--","No","00:37:25","1","--","00:28:39","00:40:15"
Pool Swim,2025-09-15 19:34:47,false,"Pool Swim","3,200","803","00:54:56","156","172","4.2","1:42","1:21","0.0","1272","35","23","--","--","No","00:54:56","1","--","00:54:23","00:55:06"
Open Water Swimming,2025-09-15 07:13:53,false,"Florianópolis Open Water Swimming","2,071","555","00:45:37","142","188","3.2","2:12","0:46","0.0","446","38","10","-11","18.0","No","00:00:51.8","5","27.0","00:38:13","00:52:11"
Open Water Swimming,2025-09-12 07:17:24,false,"Florianópolis Open Water Swimming","1,817","569","00:45:03","146","195","3.5","2:29","1:02","0.0","741","47","16","-9","18.0","No","00:06:06.3","4","27.0","00:37:52","00:45:03"
Pool Swim,2025-09-11 19:48:19,false,"Pool Swim","2,250","603","00:41:52","154","176","3.6","1:48","1:09","0.0","922","37","23","--","--","No","00:41:52","1","--","00:40:20","00:42:11"
Open Water Swimming,2025-09-11 08:31:41,false,"Florianópolis Open Water Swimming","1,673","357","00:42:58","114","140","1.9","2:34","1:27","0.0","854","51","20","-5","18.0","No","00:03:49.3","4","28.0","00:38:02","00:42:58"
Pool Swim,2025-09-10 19:47:28,false,"Pool Swim","2,175","548","00:40:22","145","175","3.5","1:50","0:53","0.0","931","38","23","--","--","No","00:40:22","1","--","00:39:43","00:40:27"
Pool Swim,2025-09-08 19:45:04,false,"Pool Swim","2,450","538","00:45:01","136","168","3.1","1:50","1:15","0.0","1050","38","23","--","--","No","00:45:01","1","--","00:45:01","00:45:37"
Open Water Swimming,2025-09-08 07:19:48,false,"Florianópolis Open Water Swimming","1,838","320","00:35:28","119","142","2.0","1:56","1:08","0.0","700","38","19","-4","18.0","No","00:06:30.8","4","23.0","00:34:10","00:35:28"
Open Water Swimming,2025-09-03 07:22:15,false,"Florianópolis Open Water Swimming","1,963","495","00:41:02","143","178","3.3","2:05","0:48","0.0","455","37","11","-9","19.0","No","00:09:35.9","4","23.0","00:34:53","00:41:02"
Open Water Swimming,2025-09-01 07:13:26,false,"Florianópolis Open Water Swimming","1,832","505","00:50:09","128","155","2.8","2:44","1:07","0.0","937","54","18","-10","18.0","No","00:06:19.8","4","24.0","00:42:42","00:50:09"
Open Water Swimming,2025-08-29 07:16:41,false,"Florianópolis Open Water Swimming","2,401","488","00:50:03","129","151","2.8","2:05","1:07","0.0","1046","42","21","-9","17.0","No","00:07:19.6","5","25.0","00:47:32","00:50:03"
Open Water Swimming,2025-08-27 07:15:49,false,"Florianópolis Open Water Swimming","2,143","500","00:49:16","136","156","2.8","2:18","1:07","0.0","1069","47","21","-10","17.0","No","00:03:55.5","5","23.0","00:45:43","00:49:16"
Open Water Swimming,2025-08-22 07:18:08,false,"Florianópolis Open Water Swimming","1,954","251","00:51:20","93","138","0.8","2:37","1:07","0.0","690","48","13","-5","18.0","No","00:11:15","4","23.0","00:41:16","00:51:20"
Pool Swim,2025-08-20 19:34:37,false,"Pool Swim","1,575","522","00:45:21","154","210","3.5","2:07","1:06","0.0","796","44","24","--","--","No","00:45:21","1","--","00:33:13","00:45:34"
Pool Swim,2025-08-19 19:47:31,false,"Pool Swim","1,250","448","00:42:48","152","167","3.4","2:17","1:15","0.0","694","48","24","--","--","No","00:42:48","1","--","00:28:36","00:42:54"
Open Water Swimming,2025-08-18 07:14:15,false,"Florianópolis Open Water Swimming","1,998","478","00:45:52","140","163","2.9","2:18","0:44","0.0","980","47","21","-8","16.0","No","00:10:24","4","23.0","00:39:36","00:45:52"
Pool Swim,2025-08-15 19:49:46,false,"Pool Swim","1,500","417","00:30:02","147","161","3.1","2:00","0:49","0.0","683","41","23","--","--","No","00:30:02","1","--","00:30:02","00:30:13"
Open Water Swimming,2025-08-15 08:29:53,false,"Florianópolis Open Water Swimming","2,048","249","00:40:30","111","149","1.6","1:59","1:08","0.0","817","40","20","-4","16.0","No","00:00:57.5","5","28.0","00:36:52","00:40:30"
Pool Swim,2025-08-13 19:45:41,false,"Pool Swim","2,325","650","00:45:28","153","180","3.5","1:56","0:50","0.0","1057","40","23","--","--","No","00:45:28","1","--","00:44:59","00:45:41"
Open Water Swimming,2025-08-13 07:17:25,false,"Florianópolis Open Water Swimming","2,008","382","00:42:13","130","156","2.5","2:06","1:07","0.0","697","40","16","-4","16.0","No","00:00:07.8","5","24.0","00:37:57","00:42:13"
Pool Swim,2025-08-11 19:47:49,false,"Pool Swim","2,300","509","00:41:15","149","179","3.4","1:47","1:12","0.0","924","37","23","--","--","No","00:41:15","1","--","00:40:57","00:41:21"
Open Water Swimming,2025-08-11 07:14:26,false,"Florianópolis Open Water Swimming","1,833","431","00:48:15","128","154","2.4","2:38","0:58","0.0","911","52","19","-5","16.0","No","00:06:59.4","4","24.0","00:37:30","00:48:15"
Pool Swim,2025-08-08 19:15:12,false,"Pool Swim","3,000","508","00:54:54","130","149","2.4","1:48","1:08","0.0","1282","38","24","--","--","No","00:54:54","1","--","00:54:15","00:55:03"
Pool Swim,2025-08-06 19:49:42,false,"Pool Swim","2,200","402","00:40:02","128","147","2.2","1:49","0:53","0.0","914","38","23","--","--","No","00:40:02","1","--","00:40:02","00:40:13"
Open Water Swimming,2025-08-06 07:14:07,false,"Florianópolis Open Water Swimming","2,045","414","00:50:09","128","147","2.3","2:27","1:07","0.0","1181","51","23","-8","17.0","No","00:00:45.8","5","22.0","00:45:07","00:50:09"
Pool Swim,2025-08-01 19:31:16,false,"Pool Swim","2,350","564","00:45:04","145","161","3.1","1:53","0:50","0.0","977","39","22","--","--","No","00:45:04","1","--","00:44:14","00:45:09"
Open Water Swimming,2025-08-01 07:18:47,false,"Florianópolis Open Water Swimming","1,817","376","00:42:07","134","163","2.7","2:19","1:11","0.0","689","44","16","-6","16.0","No","00:07:14.1","4","20.0","00:35:44","00:42:07"
Open Water Swimming,2025-07-31 08:27:31,false,"Florianópolis Open Water Swimming","1,926","347","00:48:15","124","179","2.2","2:30","0:50","0.0","744","47","15","-5","16.0","No","00:09:49.4","4","24.0","00:42:15","00:48:15"
Pool Swim,2025-07-30 19:37:29,false,"Pool Swim","2,925","724","00:51:24","155","180","4.0","1:45","1:14","0.0","1183","36","23","--","--","No","00:51:24","1","--","00:51:24","00:51:39"
Pool Swim,2025-07-29 19:25:02,false,"Pool Swim","3,025","736","01:01:06","145","168","3.6","1:56","1:02","0.0","1379","40","24","--","--","No","00:00:31.7","2","--","00:58:35","01:01:17"
Pool Swim,2025-07-28 19:34:10,false,"Pool Swim","2,800","494","00:56:29","122","164","2.2","1:52","0:49","0.0","1226","39","24","--","--","No","00:56:29","1","--","00:52:08","00:56:39"
Open Water Swimming,2025-07-28 07:16:04,false,"Florianópolis Open Water Swimming","2,228","395","00:49:55","128","165","2.6","2:14","1:18","0.0","893","44","18","-8","16.0","No","00:05:24.0","5","23.0","00:43:19","00:49:55"
Pool Swim,2025-07-25 19:06:42,false,"Pool Swim","5,025","789","01:25:48","122","138","2.2","1:42","0:56","0.0","2071","36","24","--","--","No","01:25:48","1","--","01:25:48","01:25:55"
Pool Swim,2025-07-23 19:29:31,false,"Pool Swim","2,200","513","00:46:41","146","174","3.4","2:01","0:50","0.0","1053","42","24","--","--","No","00:46:41","1","--","00:44:31","00:46:55"
Open Water Swimming,2025-07-23 07:16:35,false,"Florianópolis Open Water Swimming","1,733","381","00:43:46","129","151","2.4","2:32","1:07","0.0","834","50","19","-7","17.0","No","00:05:18.4","4","22.0","00:36:29","00:43:46"
Pool Swim,2025-07-22 19:46:53,false,"Pool Swim","2,175","559","00:44:46","155","174","3.8","2:02","0:59","0.0","1039","42","24","--","--","No","00:44:46","1","--","00:44:05","00:45:07"
Pool Swim,2025-07-21 19:36:27,false,"Pool Swim","2,375","570","00:52:56","145","187","3.6","2:01","0:58","0.0","1104","42","23","--","--","No","00:52:56","1","--","00:47:46","00:53:08"
Pool Swim,2025-07-18 19:36:48,false,"Pool Swim","2,775","752","00:55:02","152","181","3.9","1:58","1:00","0.0","1273","41","23","--","--","No","00:55:02","1","--","00:54:36","00:55:45"
Open Water Swimming,2025-07-16 07:15:06,false,"Florianópolis Open Water Swimming","1,921","525","00:45:34","151","184","3.6","2:22","1:19","0.0","804","46","17","-11","17.0","No","00:09:47.2","4","24.0","00:42:36","00:45:34"
Pool Swim,2025-07-14 19:34:08,false,"Pool Swim","3,025","799","00:57:10","148","174","3.8","1:53","1:21","0.0","1320","39","23","--","--","No","00:57:10","1","--","00:56:51","00:57:21"
Open Water Swimming,2025-07-14 07:17:46,false,"Florianópolis Open Water Swimming","2,515","554","00:57:55","140","171","3.2","2:18","0:19","0.0","798","42","14","-11","17.0","No","00:00:02.5","6","23.0","00:47:39","00:57:55"
Pool Swim,2025-07-13 13:28:55,false,"Pool Swim","75","15","00:01:32.2","124","133","0.2","1:24","0:57","0.0","20","28","19","--","--","No","00:01:32.2","1","--","00:01:03.2","00:01:37.8"
Pool Swim,2025-07-13 13:27:03,false,"Pool Swim","--","3","00:00:16.9","143","146","0.0","--","--","0.0","--","--","--","--","--","No","00:00:16.9","1","--","00:00:00","00:00:21.5"
Pool Swim,2025-07-13 13:25:45,false,"Pool Swim","--","2","00:00:12.5","131","132","0.0","--","--","0.0","--","--","--","--","--","No","00:00:12.5","1","--","00:00:00","00:01:02.2"
Open Water Swimming,2025-07-11 07:18:34,false,"Florianópolis Open Water Swimming","1,715","321","00:43:35","120","152","2.0","2:32","1:07","0.0","665","48","15","-6","17.0","No","00:05:27.5","4","23.0","00:35:48","00:43:35"
Open Water Swimming,2025-07-09 07:18:47,false,"Florianópolis Open Water Swimming","1,385","418","00:43:03","137","173","3.1","3:07","1:07","0.0","595","57","14","-9","17.0","No","00:10:27","3","24.0","00:30:22","00:43:03"
Pool Swim,2025-07-07 19:47:59,false,"Pool Swim","2,100","589","00:41:24","144","162","3.2","1:52","1:24","0.0","943","39","24","--","--","No","00:41:24","1","--","00:39:16","00:41:43"
Open Water Swimming,2025-07-04 07:13:12,false,"Florianópolis Open Water Swimming","2,107","362","00:48:34","122","146","2.1","2:18","1:12","0.0","907","45","18","-7","17.0","No","00:03:40.6","5","23.0","00:42:31","00:48:34"
Open Water Swimming,2025-07-02 07:17:59,false,"Florianópolis Open Water Swimming","1,691","359","00:44:32","128","158","2.4","2:38","0:48","0.0","854","52","19","-7","16.0","No","00:04:30.3","4","18.0","00:36:49","00:44:32"
Pool Swim,2025-06-30 19:46:30,false,"Pool Swim","2,575","671","00:45:19","126","148","2.2","1:45","1:15","0.0","1046","36","23","--","--","No","00:45:19","1","--","00:44:57","00:45:38"
Open Water Swimming,2025-06-30 07:13:06,false,"Florianópolis Open Water Swimming","2,363","648","00:53:16","158","183","4.0","2:15","1:06","0.0","1060","45","19","-12","18.0","No","00:08:55.0","5","23.0","00:47:03","00:53:16"
Pool Swim,2025-06-27 19:22:55,false,"Pool Swim","3,000","635","00:51:39","166","187","4.1","1:43","1:28","0.0","1183","36","23","--","--","No","00:51:39","1","--","00:51:39","00:51:47"
Open Water Swimming,2025-06-27 07:17:20,false,"Florianópolis Open Water Swimming","2,494","379","00:49:25","128","163","2.7","1:59","1:07","0.0","1138","41","23","-7","18.0","No","00:09:15.1","5","21.0","00:47:59","00:49:25"
Pool Swim,2025-06-26 08:30:39,false,"Pool Swim","2,625","647","00:45:57","134","152","2.6","1:45","1:13","0.0","1070","36","23","--","--","No","00:00:02.5","2","--","00:45:54","00:46:07"
Pool Swim,2025-06-25 19:57:11,false,"Pool Swim","1,775","379","00:33:12","132","164","2.6","1:51","0:55","0.0","795","39","24","--","--","No","00:33:12","1","--","00:32:54","00:34:29"
Pool Swim,2025-06-18 19:44:15,false,"Pool Swim","2,375","630","00:45:44","160","174","3.9","1:44","1:26","0.0","1020","37","25","--","--","No","00:45:44","1","--","00:41:17","00:45:53"
Open Water Swimming,2025-06-18 07:21:21,false,"Florianópolis Open Water Swimming","1,682","419","00:42:56","136","167","2.7","2:33","1:07","0.0","887","51","21","-9","20.0","No","00:05:12.4","4","25.0","00:35:48","00:42:56"
Pool Swim,2025-06-16 19:21:02,false,"Pool Swim","2,550","579","00:47:06","150","175","3.7","1:44","0:57","0.0","1096","37","25","--","--","No","00:47:06","1","--","00:44:12","00:47:17"
Open Water Swimming,2025-06-13 07:21:39,false,"Florianópolis Open Water Swimming","1,963","297","00:40:03","123","150","2.1","2:02","0:46","0.0","773","40","19","-7","19.0","No","00:09:22.8","4","25.0","00:38:47","00:40:03"
Open Water Swimming,2025-06-11 07:16:26,false,"Florianópolis Open Water Swimming","2,118","414","00:50:01","124","168","2.7","2:22","1:07","0.0","1076","48","21","-9","20.0","No","00:02:55.4","5","24.0","00:44:03","00:50:01"
Pool Swim,2025-06-09 19:29:38,false,"Pool Swim","3,450","546","01:00:32","127","157","2.4","1:45","1:28","0.0","1511","37","25","--","--","No","01:00:32","1","--","01:00:32","01:00:41"
Open Water Swimming,2025-06-09 07:12:48,false,"Florianópolis Open Water Swimming","1,730","292","00:50:48","110","156","1.2","2:56","1:07","0.0","1071","60","21","-7","20.0","No","00:05:27.6","4","22.0","00:43:12","00:50:48"
Pool Swim,2025-06-05 08:33:35,false,"Pool Swim","2,375","610","00:43:08","155","171","3.9","1:48","1:03","0.0","1019","38","24","--","--","No","00:43:08","1","--","00:42:48","00:43:13"
Pool Swim,2025-06-04 19:41:08,false,"Pool Swim","2,725","626","00:48:55","157","172","4.0","1:46","1:03","0.0","1149","37","24","--","--","No","00:48:55","1","--","00:47:59","00:49:07"
Open Water Swimming,2025-06-04 07:16:22,false,"Florianópolis Open Water Swimming","2,008","336","00:46:48","122","149","2.2","2:20","1:00","0.0","1089","49","23","-8","21.0","No","00:00:11.2","5","21.0","00:43:31","00:46:48"
Pool Swim,2025-05-30 19:36:26,false,"Pool Swim","3,075","687","00:55:32","151","177","4.3","1:48","0:48","0.0","1381","38","25","--","--","No","00:55:32","1","--","00:55:32","00:55:45"
Pool Swim,2025-05-28 19:47:57,false,"Pool Swim","2,650","641","00:45:29","155","168","4.4","1:43","0:53","0.0","1158","37","25","--","--","No","00:45:29","1","--","00:45:29","00:45:36"
Open Water Swimming,2025-05-28 07:20:24,false,"Florianópolis Open Water Swimming","1,634","278","00:45:45","111","147","2.1","2:48","1:07","0.0","412","48","8","-7","22.0","No","00:04:39.9","4","23.0","00:37:00","00:45:45"
Pool Swim,2025-05-26 19:51:54,false,"Pool Swim","2,325","465","00:41:18","129","151","2.7","1:47","0:54","0.0","999","37","24","--","--","No","00:41:18","1","--","00:41:18","00:41:29"
Open Water Swimming,2025-05-26 07:17:58,false,"Florianópolis Open Water Swimming","1,968","476","00:48:42","142","178","3.7","2:29","1:07","0.0","871","48","17","-12","21.0","No","00:11:06","4","25.0","00:44:32","00:48:42"
Pool Swim,2025-05-23 19:42:44,false,"Pool Swim","1,500","420","00:41:25","143","194","4.4","1:38","1:05","0.0","615","35","25","--","--","No","00:41:25","1","--","00:24:37","00:41:57"
Open Water Swimming,2025-05-23 07:14:09,false,"Florianópolis Open Water Swimming","2,129","466","00:56:12","126","171","3.3","2:38","1:07","0.0","997","51","17","-14","21.0","No","00:04:45.0","5","24.0","00:47:41","00:56:12"
Open Water Swimming,2025-05-21 07:16:56,false,"Florianópolis Open Water Swimming","1,915","359","00:49:43","119","150","2.5","2:36","1:07","0.0","928","51","19","-11","21.0","No","00:10:50","4","25.0","00:43:01","00:49:43"
Open Water Swimming,2025-05-19 07:15:03,false,"Florianópolis Open Water Swimming","1,509","397","00:44:04","129","168","3.3","2:55","1:07","0.0","659","55","15","-13","22.0","No","00:00:02.0","6","27.0","00:35:57","00:44:04"
Open Water Swimming,2025-05-14 07:17:44,false,"Florianópolis Open Water Swimming","2,228","544","00:51:32","143","181","--","2:19","1:07","0.0","683","42","13","-17","22.0","No","00:05:26.6","5","28.0","00:47:17","00:51:32"
Open Water Swimming,2025-03-31 06:55:00,false,"Salvador Open Water Swimming","1,417","433","01:02:38","118","200","2.5","4:25","1:07","0.0","561","76","9","-10","28.0","No","00:14:42","3","31.0","00:33:32","01:02:38"
Open Water Swimming,2025-03-30 07:17:51,false,"Salvador Open Water Swimming","7,894","1,430","02:35:40","141","161","4.2","1:58","0:30","0.0","3675","41","23","-26","29.0","No","00:07:12.6","16","29.0","02:29:42","02:35:40"
Open Water Swimming,2025-03-29 06:59:24,false,"Salvador Open Water Swimming","1,312","311","00:39:46","121","159","2.2","3:02","0:36","0.0","651","58","16","-7","28.0","No","00:11:09","3","30.0","00:31:56","00:39:46"
Open Water Swimming,2025-03-26 07:13:00,false,"Florianópolis Open Water Swimming","2,519","467","00:58:35","124","154","2.8","2:19","0:17","0.0","871","44","17","-10","23.0","No","00:00:02.5","6","29.0","00:48:24","00:58:35"
Pool Swim,2025-03-21 19:40:31,false,"Pool Swim","2,525","546","00:45:41","139","180","3.3","1:43","1:09","0.0","989","35","23","--","--","No","00:00:03.5","5","--","00:43:09","00:53:18"
Open Water Swimming,2025-03-21 06:00:43,false,"Florianópolis Open Water Swimming","1,641","313","00:49:06","110","136","1.3","3:00","0:26","0.0","992","60","20","-7","23.0","No","00:02:55.7","4","25.0","00:42:34","00:49:06"
Open Water Swimming,2025-03-19 07:15:04,false,"Florianópolis Open Water Swimming","2,064","448","00:51:30","126","158","2.7","2:30","1:07","0.0","1040","50","20","-9","22.0","No","00:02:11.6","5","31.0","00:45:27","00:51:30"
Open Water Swimming,2025-03-17 07:11:32,false,"Florianópolis Open Water Swimming","2,108","537","00:56:34","133","172","3.0","2:41","0:51","0.0","802","50","15","-11","23.0","No","00:04:47.1","5","30.0","00:44:06","00:56:34"
Pool Swim,2025-03-14 19:36:39,false,"Pool Swim","3,200","426","00:53:22","104","119","0.6","1:40","1:18","0.0","1390","36","26","--","--","No","00:53:22","1","--","00:53:22","00:53:28"
Open Water Swimming,2025-03-14 07:17:29,false,"Florianópolis Open Water Swimming","1,964","421","00:53:45","125","186","2.6","2:44","0:31","0.0","773","51","14","-9","21.0","No","00:10:56","4","29.0","00:40:38","00:53:45"
Pool Swim,2025-03-12 20:30:30,false,"Pool Swim","2,425","401","00:44:13","114","141","1.5","1:49","1:14","0.0","1028","38","23","--","--","No","00:44:13","1","--","00:44:13","00:44:18"
Open Water Swimming,2025-03-12 07:17:16,false,"Florianópolis Open Water Swimming","1,874","374","00:45:35","123","155","2.2","2:26","1:07","0.0","916","49","20","-7","20.0","No","00:08:28.3","4","26.0","00:41:43","00:45:35"
Pool Swim,2025-03-10 20:29:18,false,"Pool Swim","2,450","554","00:44:51","139","165","3.0","1:48","0:56","0.0","1092","38","25","--","--","No","00:44:51","1","--","00:44:15","00:44:57"
Open Water Swimming,2025-03-10 08:25:02,false,"Florianópolis Open Water Swimming","1,948","443","00:51:01","125","152","2.6","2:37","1:07","0.0","903","51","17","-9","18.0","No","00:11:36","4","31.0","00:40:50","00:51:01"
Open Water Swimming,2025-03-08 08:49:55,false,"Florianópolis Open Water Swimming","6,963","1,039","02:17:20","127","154","3.0","1:58","1:02","0.0","3459","42","25","-17","19.0","No","00:08:50.0","14","21.0","02:14:34","02:17:20"
Open Water Swimming,2025-03-07 07:16:21,false,"Florianópolis Open Water Swimming","2,007","419","00:46:08","130","157","2.6","2:18","1:00","0.0","863","45","19","-9","18.0","No","00:00:09.6","5","30.0","00:40:30","00:46:08"
Open Water Swimming,2025-03-05 07:12:13,false,"Florianópolis Open Water Swimming","1,808","370","00:48:33","120","152","2.2","2:41","0:34","0.0","737","50","15","-8","19.0","No","00:06:48.8","4","33.0","00:39:04","00:48:33"
Pool Swim,2025-02-27 07:45:29,false,"Pool Swim","2,725","715","00:46:35","145","157","3.6","1:43","1:13","0.0","1166","36","25","--","--","No","00:46:35","1","--","00:46:35","00:46:58"
Open Water Swimming,2025-02-26 07:11:58,false,"Florianópolis Open Water Swimming","1,886","281","00:51:16","103","144","1.5","2:43","0:37","0.0","801","51","15","-6","25.0","No","00:09:42.9","4","32.0","00:40:38","00:51:16"
Pool Swim,2025-02-24 20:29:27,false,"Pool Swim","2,350","492","00:45:51","135","152","2.9","1:55","1:05","0.0","1071","40","24","--","--","No","00:45:51","1","--","00:45:04","00:45:56"
Open Water Swimming,2025-02-24 07:13:35,false,"Florianópolis Open Water Swimming","1,832","430","00:57:02","125","177","2.7","3:07","0:38","0.0","543","54","13","-9","26.0","No","00:11:03","4","30.0","00:39:48","00:57:02"
Open Water Swimming,2025-02-22 07:40:36,false,"Florianópolis Open Water Swimming","3,679","566","01:17:51","128","147","2.9","2:07","1:07","0.0","1745","44","22","-14","25.0","No","00:03:49.5","8","31.0","01:11:25","01:17:51"
Pool Swim,2025-02-21 19:45:28,false,"Pool Swim","2,600","425","00:45:12","141","156","3.3","1:44","1:31","0.0","1130","37","25","--","--","No","00:45:12","1","--","00:45:12","00:45:21"
Open Water Swimming,2025-02-21 07:15:52,false,"Florianópolis Open Water Swimming","2,225","439","00:51:13","135","174","3.3","2:18","0:47","0.0","881","44","17","-13","24.0","No","00:05:08.5","5","31.0","00:43:57","00:51:13"
Pool Swim,2025-02-20 07:46:32,false,"Pool Swim","2,650","454","00:46:35","142","158","3.6","1:45","1:30","0.0","1144","37","25","--","--","No","00:46:35","1","--","00:46:35","00:46:44"
Pool Swim,2025-02-19 20:31:38,false,"Pool Swim","2,600","429","00:45:45","139","153","3.1","1:46","1:30","0.0","1139","37","25","--","--","No","00:45:45","1","--","00:45:45","00:46:06"
Open Water Swimming,2025-02-19 07:14:46,false,"Florianópolis Open Water Swimming","2,250","472","00:56:58","134","181","3.3","2:32","1:07","0.0","1152","51","20","-13","22.0","No","00:05:50.8","5","28.0","00:46:56","00:56:58"
Pool Swim,2025-02-18 07:48:48,false,"Pool Swim","2,600","459","00:46:01","144","160","3.8","1:46","1:18","0.0","1098","37","24","--","--","No","00:46:01","1","--","00:46:01","00:46:24"
Pool Swim,2025-01-28 07:49:27,false,"Pool Swim","2,550","439","00:45:19","146","181","3.3","1:47","1:31","0.0","1059","37","23","--","--","No","00:45:19","1","--","00:45:19","00:45:28"
Open Water Swimming,2025-01-27 07:14:26,false,"Florianópolis Open Water Swimming","1,817","473","00:47:00","151","180","3.4","2:35","0:08","0.0","698","48","15","-10","24.0","No","00:00:08.0","5","29.0","00:37:55","00:47:08"
Pool Swim,2025-01-23 07:48:43,false,"Pool Swim","2,425","465","00:44:12","153","182","4.9","1:48","1:12","0.0","998","37","23","--","--","No","00:44:12","1","--","00:43:43","00:44:23"
Pool Swim,2025-01-21 21:19:06,false,"Pool Swim","2,100","383","00:41:36","131","165","3.0","1:44","1:14","0.0","882","37","24","--","--","No","00:41:36","1","--","00:36:31","00:41:45"
Pool Swim,2025-01-20 20:36:53,false,"Pool Swim","1,725","484","00:41:56","146","173","4.1","1:46","1:01","0.0","717","37","23","--","--","No","00:00:02.9","7","--","00:30:34","00:43:17"
